<?xml version="1.0" encoding="utf-8" standalone="yes"?>
<rss version="2.0" xmlns:atom="http://www.w3.org/2005/Atom">
  <channel>
    <title>Play WinSpirit Online Casino Game in Australia on Winspirit Casino</title>
    <link>https://spirits-elysium.com/terms-and-conditions/</link>
    <description>Recent content in Play WinSpirit Online Casino Game in Australia on Winspirit Casino</description>
    <generator>Hugo</generator>
    <language>en</language>
    <lastBuildDate></lastBuildDate>
    <atom:link href="https://spirits-elysium.com/terms-and-conditions/index.xml" rel="self" type="application/rss+xml" />
  </channel>
</rss>
